-- MySQL dump 10.13  Distrib 8.0.43, for Linux (x86_64)
--
-- Host: localhost    Database: sakila
-- ------------------------------------------------------
-- Server version	8.0.43

/*!40101 SET @OLD_CHARACTER_SET_CLIENT=@@CHARACTER_SET_CLIENT */;
/*!40101 SET @OLD_CHARACTER_SET_RESULTS=@@CHARACTER_SET_RESULTS */;
/*!40101 SET @OLD_COLLATION_CONNECTION=@@COLLATION_CONNECTION */;
/*!50503 SET NAMES utf8mb4 */;
/*!40103 SET @OLD_TIME_ZONE=@@TIME_ZONE */;
/*!40103 SET TIME_ZONE='+00:00' */;
/*!40014 SET @OLD_UNIQUE_CHECKS=@@UNIQUE_CHECKS, UNIQUE_CHECKS=0 */;
/*!40014 SET @OLD_FOREIGN_KEY_CHECKS=@@FOREIGN_KEY_CHECKS, FOREIGN_KEY_CHECKS=0 */;
/*!40101 SET @OLD_SQL_MODE=@@SQL_MODE, SQL_MODE='NO_AUTO_VALUE_ON_ZERO' */;
/*!40111 SET @OLD_SQL_NOTES=@@SQL_NOTES, SQL_NOTES=0 */;

--
-- Table structure for table `actor`
--

DROP TABLE IF EXISTS `actor`;
/*!40101 SET @saved_cs_client     = @@character_set_client */;
/*!50503 SET character_set_client = utf8mb4 */;
CREATE TABLE `actor` (
  `actor_id` smallint unsigned NOT NULL AUTO_INCREMENT,
  `first_name` varchar(45) NOT NULL,
  `last_name` varchar(45) NOT NULL,
  `last_update` timestamp NOT NULL DEFAULT CURRENT_TIMESTAMP ON UPDATE CURRENT_TIMESTAMP,
  PRIMARY KEY (`actor_id`),
  KEY `idx_actor_last_name` (`last_name`)
) ENGINE=InnoDB AUTO_INCREMENT=201 DEFAULT CHARSET=utf8mb4 COLLATE=utf8mb4_0900_ai_ci;
/*!40101 SET character_set_client = @saved_cs_client */;

--
-- Dumping data for table `actor`
--

LOCK TABLES `actor` WRITE;
/*!40000 ALTER TABLE `actor` DISABLE KEYS */;
INSERT INTO `actor` VALUES (2,'NICK','WAHLBERG','2006-02-15 04:34:33'),(3,'ED','CHASE','2006-02-15 04:34:33'),(4,'JENNIFER','DAVIS','2006-02-15 04:34:33'),(5,'JOHNNY','LOLLOBRIGIDA','2006-02-15 04:34:33'),(6,'BETTE','NICHOLSON','2006-02-15 04:34:33'),(7,'GRACE','MOSTEL','2006-02-15 04:34:33'),(8,'MATTHEW','JOHANSSON','2006-02-15 04:34:33'),(9,'JOE','SWANK','2006-02-15 04:34:33'),(10,'CHRISTIAN','GABLE','2006-02-15 04:34:33'),(11,'ZERO','CAGE','2006-02-15 04:34:33'),(12,'KARL','BERRY','2006-02-15 04:34:33'),(13,'UMA','WOOD','2006-02-15 04:34:33'),(14,'VIVIEN','BERGEN','2006-02-15 04:34:33'),(15,'CUBA','OLIVIER','2006-02-15 04:34:33'),(16,'FRED','COSTNER','2006-02-15 04:34:33'),(17,'HELEN','VOIGHT','2006-02-15 04:34:33'),(18,'DAN','TORN','2006-02-15 04:34:33'),(19,'BOB','FAWCETT','2006-02-15 04:34:33'),(20,'LUCILLE','TRACY','2006-02-15 04:34:33'),(21,'KIRSTEN','PALTROW','2006-02-15 04:34:33'),(22,'ELVIS','MARX','2006-02-15 04:34:33'),(23,'SANDRA','KILMER','2006-02-15 04:34:33'),(24,'CAMERON','STREEP','2006-02-15 04:34:33'),(25,'KEVIN','BLOOM','2006-02-15 04:34:33'),(26,'RIP','CRAWFORD','2006-02-15 04:34:33'),(27,'JULIA','MCQUEEN','2006-02-15 04:34:33'),(28,'WOODY','HOFFMAN','2006-02-15 04:34:33'),(29,'ALEC','WAYNE','2006-02-15 04:34:33'),(30,'SANDRA','PECK','2006-02-15 04:34:33'),(31,'SISSY','SOBIESKI','2006-02-15 04:34:33'),(32,'TIM','HACKMAN','2006-02-15 04:34:33'),(33,'MILLA','PECK','2006-02-15 04:34:33'),(34,'AUDREY','OLIVIER','2006-02-15 04:34:33'),(35,'JUDY','DEAN','2006-02-15 04:34:33'),(36,'BURT','DUKAKIS','2006-02-15 04:34:33'),(37,'VAL','BOLGER','2006-02-15 04:34:33'),(38,'TOM','MCKELLEN','2006-02-15 04:34:33'),(39,'GOLDIE','BRODY','2006-02-15 04:34:33'),(40,'JOHNNY','CAGE','2006-02-15 04:34:33'),(41,'JODIE','DEGENERES','2006-02-15 04:34:33'),(42,'TOM','MIRANDA','2006-02-15 04:34:33'),(43,'KIRK','JOVOVICH','2006-02-15 04:34:33'),(44,'NICK','STALLONE','2006-02-15 04:34:33'),(45,'REESE','KILMER','2006-02-15 04:34:33'),(46,'PARKER','GOLDBERG','2006-02-15 04:34:33'),(47,'JULIA','BARRYMORE','2006-02-15 04:34:33'),(48,'FRANCES','DAY-LEWIS','2006-02-15 04:34:33'),(49,'ANNE','CRONYN','2006-02-15 04:34:33'),(50,'NATALIE','HOPKINS','2006-02-15 04:34:33'),(51,'GARY','PHOENIX','2006-02-15 04:34:33'),(52,'CARMEN','HUNT','2006-02-15 04:34:33'),(53,'MENA','TEMPLE','2006-02-15 04:34:33'),(54,'PENELOPE','PINKETT','2006-02-15 04:34:33'),(55,'FAY','KILMER','2006-02-15 04:34:33'),(56,'DAN','HARRIS','2006-02-15 04:34:33'),(57,'JUDE','CRUISE','2006-02-15 04:34:33'),(58,'CHRISTIAN','AKROYD','2006-02-15 04:34:33'),(59,'DUSTIN','TAUTOU','2006-02-15 04:34:33'),(60,'HENRY','BERRY','2006-02-15 04:34:33'),(61,'CHRISTIAN','NEESON','2006-02-15 04:34:33'),(62,'JAYNE','NEESON','2006-02-15 04:34:33'),(63,'CAMERON','WRAY','2006-02-15 04:34:33'),(64,'RAY','JOHANSSON','2006-02-15 04:34:33'),(65,'ANGELA','HUDSON','2006-02-15 04:34:33'),(66,'MARY','TANDY','2006-02-15 04:34:33'),(67,'JESSICA','BAILEY','2006-02-15 04:34:33'),(68,'RIP','WINSLET','2006-02-15 04:34:33'),(69,'KENNETH','PALTROW','2006-02-15 04:34:33'),(70,'MICHELLE','MCCONAUGHEY','2006-02-15 04:34:33'),(71,'ADAM','GRANT','2006-02-15 04:34:33'),(72,'SEAN','WILLIAMS','2006-02-15 04:34:33'),(73,'GARY','PENN','2006-02-15 04:34:33'),(74,'MILLA','KEITEL','2006-02-15 04:34:33'),(75,'BURT','POSEY','2006-02-15 04:34:33'),(76,'ANGELINA','ASTAIRE','2006-02-15 04:34:33'),(77,'CARY','MCCONAUGHEY','2006-02-15 04:34:33'),(78,'GROUCHO','SINATRA','2006-02-15 04:34:33'),(79,'MAE','HOFFMAN','2006-02-15 04:34:33'),(80,'RALPH','CRUZ','2006-02-15 04:34:33'),(81,'SCARLETT','DAMON','2006-02-15 04:34:33'),(82,'WOODY','JOLIE','2006-02-15 04:34:33'),(83,'BEN','WILLIS','2006-02-15 04:34:33'),(84,'JAMES','PITT','2006-02-15 04:34:33'),(85,'MINNIE','ZELLWEGER','2006-02-15 04:34:33'),(86,'GREG','CHAPLIN','2006-02-15 04:34:33'),(87,'SPENCER','PECK','2006-02-15 04:34:33'),(88,'KENNETH','PESCI','2006-02-15 04:34:33'),(89,'CHARLIZE','DENCH','2006-02-15 04:34:33'),(90,'SEAN','GUINESS','2006-02-15 04:34:33'),(91,'CHRISTOPHER','BERRY','2006-02-15 04:34:33'),(92,'KIRSTEN','AKROYD','2006-02-15 04:34:33'),(93,'ELLEN','PRESLEY','2006-02-15 04:34:33'),(94,'KENNETH','TORN','2006-02-15 04:34:33'),(95,'DARYL','WAHLBERG','2006-02-15 04:34:33'),(96,'GENE','WILLIS','2006-02-15 04:34:33'),(97,'MEG','HAWKE','2006-02-15 04:34:33'),(98,'CHRIS','BRIDGES','2006-02-15 04:34:33'),(99,'JIM','MOSTEL','2006-02-15 04:34:33'),(100,'SPENCER','DEPP','2006-02-15 04:34:33'),(101,'SUSAN','DAVIS','2006-02-15 04:34:33'),(102,'WALTER','TORN','2006-02-15 04:34:33'),(103,'MATTHEW','LEIGH','2006-02-15 04:34:33'),(104,'PENELOPE','CRONYN','2006-02-15 04:34:33'),(105,'SIDNEY','CROWE','2006-02-15 04:34:33'),(106,'GROUCHO','DUNST','2006-02-15 04:34:33'),(107,'GINA','DEGENERES','2006-02-15 04:34:33'),(108,'WARREN','NOLTE','2006-02-15 04:34:33'),(109,'SYLVESTER','DERN','2006-02-15 04:34:33'),(110,'SUSAN','DAVIS','2006-02-15 04:34:33'),(111,'CAMERON','ZELLWEGER','2006-02-15 04:34:33'),(112,'RUSSELL','BACALL','2006-02-15 04:34:33'),(113,'MORGAN','HOPKINS','2006-02-15 04:34:33'),(114,'MORGAN','MCDORMAND','2006-02-15 04:34:33'),(115,'HARRISON','BALE','2006-02-15 04:34:33'),(116,'DAN','STREEP','2006-02-15 04:34:33'),(117,'RENEE','TRACY','2006-02-15 04:34:33'),(118,'CUBA','ALLEN','2006-02-15 04:34:33'),(119,'WARREN','JACKMAN','2006-02-15 04:34:33'),(120,'PENELOPE','MONROE','2006-02-15 04:34:33'),(121,'LIZA','BERGMAN','2006-02-15 04:34:33'),(122,'SALMA','NOLTE','2006-02-15 04:34:33'),(123,'JULIANNE','DENCH','2006-02-15 04:34:33'),(124,'SCARLETT','BENING','2006-02-15 04:34:33'),(125,'ALBERT','NOLTE','2006-02-15 04:34:33'),(126,'FRANCES','TOMEI','2006-02-15 04:34:33'),(127,'KEVIN','GARLAND','2006-02-15 04:34:33'),(128,'CATE','MCQUEEN','2006-02-15 04:34:33'),(129,'DARYL','CRAWFORD','2006-02-15 04:34:33'),(130,'GRETA','KEITEL','2006-02-15 04:34:33'),(131,'JANE','JACKMAN','2006-02-15 04:34:33'),(132,'ADAM','HOPPER','2006-02-15 04:34:33'),(133,'RICHARD','PENN','2006-02-15 04:34:33'),(134,'GENE','HOPKINS','2006-02-15 04:34:33'),(135,'RITA','REYNOLDS','2006-02-15 04:34:33'),(136,'ED','MANSFIELD','2006-02-15 04:34:33'),(137,'MORGAN','WILLIAMS','2006-02-15 04:34:33'),(138,'LUCILLE','DEE','2006-02-15 04:34:33'),(139,'EWAN','GOODING','2006-02-15 04:34:33'),(140,'WHOOPI','HURT','2006-02-15 04:34:33'),(141,'CATE','HARRIS','2006-02-15 04:34:33'),(142,'JADA','RYDER','2006-02-15 04:34:33'),(143,'RIVER','DEAN','2006-02-15 04:34:33'),(144,'ANGELA','WITHERSPOON','2006-02-15 04:34:33'),(145,'KIM','ALLEN','2006-02-15 04:34:33'),(146,'ALBERT','JOHANSSON','2006-02-15 04:34:33'),(147,'FAY','WINSLET','2006-02-15 04:34:33'),(148,'EMILY','DEE','2006-02-15 04:34:33'),(149,'RUSSELL','TEMPLE','2006-02-15 04:34:33'),(150,'JAYNE','NOLTE','2006-02-15 04:34:33'),(151,'GEOFFREY','HESTON','2006-02-15 04:34:33'),(152,'BEN','HARRIS','2006-02-15 04:34:33'),(153,'MINNIE','KILMER','2006-02-15 04:34:33'),(154,'MERYL','GIBSON','2006-02-15 04:34:33'),(155,'IAN','TANDY','2006-02-15 04:34:33'),(156,'FAY','WOOD','2006-02-15 04:34:33'),(157,'GRETA','MALDEN','2006-02-15 04:34:33'),(158,'VIVIEN','BASINGER','2006-02-15 04:34:33'),(159,'LAURA','BRODY','2006-02-15 04:34:33'),(160,'CHRIS','DEPP','2006-02-15 04:34:33'),(161,'HARVEY','HOPE','2006-02-15 04:34:33'),(162,'OPRAH','KILMER','2006-02-15 04:34:33'),(163,'CHRISTOPHER','WEST','2006-02-15 04:34:33'),(164,'HUMPHREY','WILLIS','2006-02-15 04:34:33'),(165,'AL','GARLAND','2006-02-15 04:34:33'),(166,'NICK','DEGENERES','2006-02-15 04:34:33'),(167,'LAURENCE','BULLOCK','2006-02-15 04:34:33'),(168,'WILL','WILSON','2006-02-15 04:34:33'),(169,'KENNETH','HOFFMAN','2006-02-15 04:34:33'),(170,'MENA','HOPPER','2006-02-15 04:34:33'),(171,'OLYMPIA','PFEIFFER','2006-02-15 04:34:33'),(172,'GROUCHO','WILLIAMS','2006-02-15 04:34:33'),(173,'ALAN','DREYFUSS','2006-02-15 04:34:33'),(174,'MICHAEL','BENING','2006-02-15 04:34:33'),(175,'WILLIAM','HACKMAN','2006-02-15 04:34:33'),(176,'JON','CHASE','2006-02-15 04:34:33'),(177,'GENE','MCKELLEN','2006-02-15 04:34:33'),(178,'LISA','MONROE','2006-02-15 04:34:33'),(179,'ED','GUINESS','2006-02-15 04:34:33'),(180,'JEFF','SILVERSTONE','2006-02-15 04:34:33'),(181,'MATTHEW','CARREY','2006-02-15 04:34:33'),(182,'DEBBIE','AKROYD','2006-02-15 04:34:33'),(183,'RUSSELL','CLOSE','2006-02-15 04:34:33'),(184,'HUMPHREY','GARLAND','2006-02-15 04:34:33'),(185,'MICHAEL','BOLGER','2006-02-15 04:34:33'),(186,'JULIA','ZELLWEGER','2006-02-15 04:34:33'),(187,'RENEE','BALL','2006-02-15 04:34:33'),(188,'ROCK','DUKAKIS','2006-02-15 04:34:33'),(189,'CUBA','BIRCH','2006-02-15 04:34:33'),(190,'AUDREY','BAILEY','2006-02-15 04:34:33'),(191,'GREGORY','GOODING','2006-02-15 04:34:33'),(192,'JOHN','SUVARI','2006-02-15 04:34:33'),(193,'BURT','TEMPLE','2006-02-15 04:34:33'),(194,'MERYL','ALLEN','2006-02-15 04:34:33'),(195,'JAYNE','SILVERSTONE','2006-02-15 04:34:33'),(196,'BELA','WALKEN','2006-02-15 04:34:33'),(197,'REESE','WEST','2006-02-15 04:34:33'),(198,'MARY','KEITEL','2006-02-15 04:34:33'),(199,'JULIA','FAWCETT','2006-02-15 04:34:33'),(200,'THORA','TEMPLE','2006-02-15 04:34:33');
/*!40000 ALTER TABLE `actor` ENABLE KEYS */;
UNLOCK TABLES;

--
-- Table structure for table `city`
--

DROP TABLE IF EXISTS `city`;
/*!40101 SET @saved_cs_client     = @@character_set_client */;
/*!50503 SET character_set_client = utf8mb4 */;
CREATE TABLE `city` (
  `city_id` smallint unsigned NOT NULL AUTO_INCREMENT,
  `city` varchar(50) NOT NULL,
  `country_id` smallint unsigned NOT NULL,
  `last_update` timestamp NOT NULL DEFAULT CURRENT_TIMESTAMP ON UPDATE CURRENT_TIMESTAMP,
  PRIMARY KEY (`city_id`),
  KEY `idx_fk_country_id` (`country_id`),
  CONSTRAINT `fk_city_country` FOREIGN KEY (`country_id`) REFERENCES `country` (`country_id`) ON DELETE RESTRICT ON UPDATE CASCADE
) ENGINE=InnoDB AUTO_INCREMENT=201 DEFAULT CHARSET=utf8mb4 COLLATE=utf8mb4_0900_ai_ci;
/*!40101 SET character_set_client = @saved_cs_client */;

--
-- Dumping data for table `city`
--

LOCK TABLES `city` WRITE;
/*!40000 ALTER TABLE `city` DISABLE KEYS */;
INSERT INTO `city` VALUES (1,'A Corua (La Corua)',87,'2014-09-25 22:30:27'),(2,'Abha',82,'2014-09-25 22:30:27'),(3,'Abu Dhabi',101,'2014-09-25 22:30:27'),(4,'Acua',60,'2014-09-25 22:30:27'),(5,'Adana',97,'2014-09-25 22:30:27'),(6,'Addis Abeba',31,'2014-09-25 22:30:27'),(7,'Aden',107,'2014-09-25 22:30:27'),(8,'Adoni',44,'2014-09-25 22:30:27'),(9,'Ahmadnagar',44,'2014-09-25 22:30:27'),(10,'Akishima',50,'2014-09-25 22:30:27'),(11,'Akron',103,'2014-09-25 22:30:27'),(12,'al-Ayn',101,'2014-09-25 22:30:27'),(13,'al-Mansura',29,'2014-09-25 22:30:27'),(14,'Albuquerque',103,'2014-09-25 22:30:27'),(15,'Aleppo',96,'2014-09-25 22:30:27'),(16,'Alexandria',29,'2014-09-25 22:30:27'),(17,'Allappuzha (Alleppey)',44,'2014-09-25 22:30:27'),(18,'Allende',60,'2014-09-25 22:30:27'),(19,'Almirante Brown',6,'2014-09-25 22:30:27'),(20,'Alvorada',15,'2014-09-25 22:30:27'),(21,'Ambattur',44,'2014-09-25 22:30:27'),(22,'Amersfoort',67,'2014-09-25 22:30:27'),(23,'Amroha',44,'2014-09-25 22:30:27'),(24,'Angra dos Reis',15,'2014-09-25 22:30:27'),(25,'Anpolis',15,'2014-09-25 22:30:27'),(26,'Antofagasta',22,'2014-09-25 22:30:27'),(27,'Aparecida de Goinia',15,'2014-09-25 22:30:27'),(28,'Apeldoorn',67,'2014-09-25 22:30:27'),(29,'Araatuba',15,'2014-09-25 22:30:27'),(30,'Arak',46,'2014-09-25 22:30:27'),(31,'Arecibo',77,'2014-09-25 22:30:27'),(32,'Arlington',103,'2014-09-25 22:30:27'),(33,'Asuncin',73,'2014-09-25 22:30:27'),(34,'Athenai',35,'2014-09-25 22:30:27'),(35,'Atinsk',80,'2014-09-25 22:30:27'),(36,'Atlixco',60,'2014-09-25 22:30:27'),(37,'Augusta-Richmond County',103,'2014-09-25 22:30:27'),(38,'Aurora',103,'2014-09-25 22:30:27'),(39,'Avellaneda',6,'2014-09-25 22:30:27'),(40,'Bag',97,'2014-09-25 22:30:27'),(41,'Baicheng',23,'2014-09-25 22:30:27'),(42,'Baku',10,'2014-09-25 22:30:27'),(43,'Balaiha',80,'2014-09-25 22:30:27'),(44,'Balikesir',97,'2014-09-25 22:30:27'),(45,'Balurghat',44,'2014-09-25 22:30:27'),(46,'Bamenda',19,'2014-09-25 22:30:27'),(47,'Bandar Seri Begawan',16,'2014-09-25 22:30:27'),(48,'Banjul',34,'2014-09-25 22:30:27'),(49,'Barcelona',105,'2014-09-25 22:30:27'),(50,'Basel',91,'2014-09-25 22:30:27'),(51,'Bat Yam',49,'2014-09-25 22:30:27'),(52,'Batman',97,'2014-09-25 22:30:27'),(53,'Batna',2,'2014-09-25 22:30:27'),(54,'Battambang',18,'2014-09-25 22:30:27'),(55,'Baybay',75,'2014-09-25 22:30:27'),(56,'Bayugan',75,'2014-09-25 22:30:27'),(57,'Bchar',2,'2014-09-25 22:30:27'),(58,'Beira',63,'2014-09-25 22:30:27'),(59,'Beirut',53,'2014-09-25 22:30:27'),(60,'Bekasi',45,'2014-09-25 22:30:27'),(61,'Belfast',102,'2014-09-25 22:30:27'),(62,'Belgaum',44,'2014-09-25 22:30:27'),(63,'Bellevue',103,'2014-09-25 22:30:27'),(64,'Belm',15,'2014-09-25 22:30:27'),(65,'Benguela',4,'2014-09-25 22:30:27'),(66,'Benin City',69,'2014-09-25 22:30:27'),(67,'Bergamo',51,'2014-09-25 22:30:27'),(68,'Berhampore (Baharampur)',44,'2014-09-25 22:30:27'),(69,'Bern',91,'2014-09-25 22:30:27'),(70,'Bhavnagar',44,'2014-09-25 22:30:27'),(71,'Bhilwara',44,'2014-09-25 22:30:27'),(72,'Bhimavaram',44,'2014-09-25 22:30:27'),(73,'Bhopal',44,'2014-09-25 22:30:27'),(74,'Bhusawal',44,'2014-09-25 22:30:27'),(75,'Bijapur',44,'2014-09-25 22:30:27'),(76,'Bilbays',29,'2014-09-25 22:30:27'),(77,'Binzhou',23,'2014-09-25 22:30:27'),(78,'Birgunj',66,'2014-09-25 22:30:27'),(79,'Bislig',75,'2014-09-25 22:30:27'),(80,'Blumenau',15,'2014-09-25 22:30:27'),(81,'Boa Vista',15,'2014-09-25 22:30:27'),(82,'Bobo-Dioulasso',14,'2014-09-25 22:30:27'),(83,'Bogor',45,'2014-09-25 22:30:27'),(84,'Boksburg',85,'2014-09-25 22:30:27'),(85,'Balanga',75,'2014-09-25 22:30:27'),(86,'Bonito',15,'2014-09-25 22:30:27'),(87,'Bor',80,'2014-09-25 22:30:27'),(88,'Boryeong',86,'2014-09-25 22:30:27'),(89,'Braslia',15,'2014-09-25 22:30:27'),(90,'Bratislava',84,'2014-09-25 22:30:27'),(91,'Brescia',51,'2014-09-25 22:30:27'),(92,'Brindisi',51,'2014-09-25 22:30:27'),(93,'Brockton',103,'2014-09-25 22:30:27'),(94,'Bruehl',38,'2014-09-25 22:30:27'),(95,'Buenos Aires',6,'2014-09-25 22:30:27'),(96,'Burgos',105,'2014-09-25 22:30:27'),(97,'Burlington',103,'2014-09-25 22:30:27'),(98,'Busan',86,'2014-09-25 22:30:27'),(99,'Bydgoszcz',76,'2014-09-25 22:30:27'),(100,'Cabuyao',75,'2014-09-25 22:30:27'),(101,'Cachoeirinha',15,'2014-09-25 22:30:27'),(102,'Cadiz',105,'2014-09-25 22:30:27'),(103,'Cagayan de Oro',75,'2014-09-25 22:30:27'),(104,'Cainta',75,'2014-09-25 22:30:27'),(105,'Cairo',29,'2014-09-25 22:30:27'),(106,'Calbayog',75,'2014-09-25 22:30:27'),(107,'Callao',74,'2014-09-25 22:30:27'),(108,'Cam Ranh',106,'2014-09-25 22:30:27'),(109,'Camaan',15,'2014-09-25 22:30:27'),(110,'Campinas',15,'2014-09-25 22:30:27'),(111,'Campo Grande',15,'2014-09-25 22:30:27'),(112,'Canelones',104,'2014-09-25 22:30:27'),(113,'Cape Coral',103,'2014-09-25 22:30:27'),(114,'Caracas',105,'2014-09-25 22:30:27'),(115,'Carmen',75,'2014-09-25 22:30:27'),(116,'Carolina',77,'2014-09-25 22:30:27'),(117,'Cartagena',24,'2014-09-25 22:30:27'),(118,'Casablanca',62,'2014-09-25 22:30:27'),(119,'Cavite',75,'2014-09-25 22:30:27'),(120,'Cebu',75,'2014-09-25 22:30:27'),(121,'Celaya',60,'2014-09-25 22:30:27'),(122,'Changhwa',92,'2014-09-25 22:30:27'),(123,'Changzhou',23,'2014-09-25 22:30:27'),(124,'Chapra',44,'2014-09-25 22:30:27'),(125,'Charleston',103,'2014-09-25 22:30:27'),(126,'Charlotte Amalie',108,'2014-09-25 22:30:27'),(127,'Chandrapur',44,'2014-09-25 22:30:27'),(128,'Changshu',23,'2014-09-25 22:30:27'),(129,'Chisinau',61,'2014-09-25 22:30:27'),(130,'Chongjin',46,'2014-09-25 22:30:27'),(131,'Chon Buri',94,'2014-09-25 22:30:27'),(132,'Christchurch',68,'2014-09-25 22:30:27'),(133,'Chuncheon',86,'2014-09-25 22:30:27'),(134,'Cianjur',45,'2014-09-25 22:30:27'),(135,'Cilacap',45,'2014-09-25 22:30:27'),(136,'Cincinnati',103,'2014-09-25 22:30:27'),(137,'Ciparay',45,'2014-09-25 22:30:27'),(138,'Ciudad del Este',73,'2014-09-25 22:30:27'),(139,'Coacalco de Berriozbal',60,'2014-09-25 22:30:27'),(140,'Coatzacoalcos',60,'2014-09-25 22:30:27'),(141,'Compton',103,'2014-09-25 22:30:27'),(142,'Copenhagen',25,'2014-09-25 22:30:27'),(143,'Coquitlam',20,'2014-09-25 22:30:27'),(144,'Crdoba',6,'2014-09-25 22:30:27'),(145,'Corrientes',6,'2014-09-25 22:30:27'),(146,'Cotonou',12,'2014-09-25 22:30:27'),(147,'Crato',15,'2014-09-25 22:30:27'),(148,'Cruz das Almas',15,'2014-09-25 22:30:27'),(149,'Cuauhtmoc',60,'2014-09-25 22:30:27'),(150,'Cuernavaca',60,'2014-09-25 22:30:27'),(151,'Cuman',105,'2014-09-25 22:30:27'),(152,'Czestochowa',76,'2014-09-25 22:30:27'),(153,'Dadu',92,'2014-09-25 22:30:27'),(154,'Daejeon',86,'2014-09-25 22:30:27'),(155,'Dakar',79,'2014-09-25 22:30:27'),(156,'Dallas',103,'2014-09-25 22:30:27'),(157,'Damanhur',29,'2014-09-25 22:30:27'),(158,'Danao',75,'2014-09-25 22:30:27'),(159,'Dar es Salaam',93,'2014-09-25 22:30:27'),(160,'Dasmarinas',75,'2014-09-25 22:30:27'),(161,'Datong',23,'2014-09-25 22:30:27'),(162,'Davao',75,'2014-09-25 22:30:27'),(163,'Debrecen',43,'2014-09-25 22:30:27'),(164,'Denizli',97,'2014-09-25 22:30:27'),(165,'Dhaka',8,'2014-09-25 22:30:27'),(166,'Digos',75,'2014-09-25 22:30:27'),(167,'Dijon',34,'2014-09-25 22:30:27'),(168,'Dili',95,'2014-09-25 22:30:27'),(169,'Dipolog',75,'2014-09-25 22:30:27'),(170,'Divinpolis',15,'2014-09-25 22:30:27'),(171,'Dnipro',99,'2014-09-25 22:30:27'),(172,'Dodoma',93,'2014-09-25 22:30:27'),(173,'Doha',78,'2014-09-25 22:30:27'),(174,'Dongguan',23,'2014-09-25 22:30:27'),(175,'Dongying',23,'2014-09-25 22:30:27'),(176,'Dresden',38,'2014-09-25 22:30:27'),(177,'Dubai',101,'2014-09-25 22:30:27'),(178,'Dundee',102,'2014-09-25 22:30:27'),(179,'Durango',60,'2014-09-25 22:30:27'),(180,'Durgapur',44,'2014-09-25 22:30:27'),(181,'Dushanbe',90,'2014-09-25 22:30:27'),(182,'Ede',67,'2014-09-25 22:30:27'),(183,'Edinburgh',102,'2014-09-25 22:30:27'),(184,'El Alto',13,'2014-09-25 22:30:27'),(185,'El Fuerte',60,'2014-09-25 22:30:27'),(186,'El Monte',103,'2014-09-25 22:30:27'),(187,'El Paso',103,'2014-09-25 22:30:27'),(188,'Elblag',76,'2014-09-25 22:30:27'),(189,'Elista',80,'2014-09-25 22:30:27'),(190,'Emden',38,'2014-09-25 22:30:27'),(191,'Ensenada',60,'2014-09-25 22:30:27'),(192,'Erie',103,'2014-09-25 22:30:27'),(193,'Erode',44,'2014-09-25 22:30:27'),(194,'Escobar',6,'2014-09-25 22:30:27'),(195,'Esfahan',46,'2014-09-25 22:30:27'),(196,'Eskisehir',97,'2014-09-25 22:30:27'),(197,'Essen',38,'2014-09-25 22:30:27'),(198,'Etawah',44,'2014-09-25 22:30:27'),(199,'Ezhou',23,'2014-09-25 22:30:27'),(200,'Faisalabad',70,'2014-09-25 22:30:27');
/*!40000 ALTER TABLE `city` ENABLE KEYS */;
UNLOCK TABLES;

--
-- Table structure for table `country`
--

DROP TABLE IF EXISTS `country`;
/*!40101 SET @saved_cs_client     = @@character_set_client */;
/*!50503 SET character_set_client = utf8mb4 */;
CREATE TABLE `country` (
  `country_id` smallint unsigned NOT NULL AUTO_INCREMENT,
  `country` varchar(50) NOT NULL,
  `last_update` timestamp NOT NULL DEFAULT CURRENT_TIMESTAMP ON UPDATE CURRENT_TIMESTAMP,
  PRIMARY KEY (`country_id`)
) ENGINE=InnoDB AUTO_INCREMENT=110 DEFAULT CHARSET=utf8mb4 COLLATE=utf8mb4_0900_ai_ci;
/*!40101 SET character_set_client = @saved_cs_client */;

--
-- Dumping data for table `country`
--

LOCK TABLES `country` WRITE;
/*!40000 ALTER TABLE `country` DISABLE KEYS */;
INSERT INTO `country` VALUES (1,'Afghanistan','2006-02-15 04:44:00'),(2,'Algeria','2006-02-15 04:44:00'),(3,'American Samoa','2006-02-15 04:44:00'),(4,'Angola','2006-02-15 04:44:00'),(5,'Anguilla','2006-02-15 04:44:00'),(6,'Argentina','2006-02-15 04:44:00'),(7,'Armenia','2006-02-15 04:44:00'),(8,'Australia','2006-02-15 04:44:00'),(9,'Austria','2006-02-15 04:44:00'),(10,'Azerbaijan','2006-02-15 04:44:00'),(11,'Bahrain','2006-02-15 04:44:00'),(12,'Bangladesh','2006-02-15 04:44:00'),(13,'Belarus','2006-02-15 04:44:00'),(14,'Bolivia','2006-02-15 04:44:00'),(15,'Brazil','2006-02-15 04:44:00'),(16,'Brunei','2006-02-15 04:44:00'),(17,'Bulgaria','2006-02-15 04:44:00'),(18,'Cambodia','2006-02-15 04:44:00'),(19,'Cameroon','2006-02-15 04:44:00'),(20,'Canada','2006-02-15 04:44:00'),(21,'Chad','2006-02-15 04:44:00'),(22,'Chile','2006-02-15 04:44:00'),(23,'China','2006-02-15 04:44:00'),(24,'Colombia','2006-02-15 04:44:00'),(25,'Congo, The Democratic Republic of the','2006-02-15 04:44:00'),(26,'Czech Republic','2006-02-15 04:44:00'),(27,'Denmark','2006-02-15 04:44:00'),(28,'Dominican Republic','2006-02-15 04:44:00'),(29,'Egypt','2006-02-15 04:44:00'),(30,'Ethiopia','2006-02-15 04:44:00'),(31,'Finland','2006-02-15 04:44:00'),(32,'France','2006-02-15 04:44:00'),(33,'Germany','2006-02-15 04:44:00'),(34,'Greece','2006-02-15 04:44:00'),(35,'Hong Kong','2006-02-15 04:44:00'),(36,'India','2006-02-15 04:44:00'),(37,'Indonesia','2006-02-15 04:44:00'),(38,'Ireland','2006-02-15 04:44:00'),(39,'Israel','2006-02-15 04:44:00'),(40,'Italy','2006-02-15 04:44:00'),(41,'Japan','2006-02-15 04:44:00'),(42,'Kenya','2006-02-15 04:44:00'),(43,'Kuwait','2006-02-15 04:44:00'),(44,'Lebanon','2006-02-15 04:44:00'),(45,'Madagascar','2006-02-15 04:44:00'),(46,'Malaysia','2006-02-15 04:44:00'),(47,'Mexico','2006-02-15 04:44:00'),(48,'Morocco','2006-02-15 04:44:00'),(49,'Nepal','2006-02-15 04:44:00'),(50,'Netherlands','2006-02-15 04:44:00'),(51,'New Zealand','2006-02-15 04:44:00'),(52,'Nigeria','2006-02-15 04:44:00'),(53,'Norway','2006-02-15 04:44:00'),(54,'Pakistan','2006-02-15 04:44:00'),(55,'Panama','2006-02-15 04:44:00'),(56,'Paraguay','2006-02-15 04:44:00'),(57,'Peru','2006-02-15 04:44:00'),(58,'Philippines','2006-02-15 04:44:00'),(59,'Poland','2006-02-15 04:44:00'),(60,'Portugal','2006-02-15 04:44:00'),(61,'Qatar','2006-02-15 04:44:00'),(62,'Romania','2006-02-15 04:44:00'),(63,'Russia','2006-02-15 04:44:00'),(64,'Saudi Arabia','2006-02-15 04:44:00'),(65,'Singapore','2006-02-15 04:44:00'),(66,'South Africa','2006-02-15 04:44:00'),(67,'South Korea','2006-02-15 04:44:00'),(68,'Spain','2006-02-15 04:44:00'),(69,'Sweden','2006-02-15 04:44:00'),(70,'Switzerland','2006-02-15 04:44:00'),(71,'Taiwan','2006-02-15 04:44:00'),(72,'Thailand','2006-02-15 04:44:00'),(73,'Turkey','2006-02-15 04:44:00'),(74,'Uganda','2006-02-15 04:44:00'),(75,'Ukraine','2006-02-15 04:44:00'),(76,'United Arab Emirates','2006-02-15 04:44:00'),(77,'United Kingdom','2006-02-15 04:44:00'),(78,'United States','2006-02-15 04:44:00'),(79,'Uruguay','2006-02-15 04:44:00'),(80,'Venezuela','2006-02-15 04:44:00'),(81,'Vietnam','2006-02-15 04:44:00'),(82,'Yemen','2006-02-15 04:44:00'),(83,'Zambia','2006-02-15 04:44:00'),(84,'Zimbabwe','2006-02-15 04:44:00'),(85,'United Arab Emirates','2006-02-15 04:44:00'),(86,'United Kingdom','2006-02-15 04:44:00'),(87,'United States','2006-02-15 04:44:00'),(88,'Venezuela','2006-02-15 04:44:00'),(89,'Vietnam','2006-02-15 04:44:00'),(90,'Yemen','2006-02-15 04:44:00'),(91,'Yugoslavia','2006-02-15 04:44:00'),(92,'Zambia','2006-02-15 04:44:00'),(93,'Tanzania','2006-02-15 04:44:00'),(94,'Thailand','2006-02-15 04:44:00'),(95,'Tonga','2006-02-15 04:44:00'),(96,'Tunisia','2006-02-15 04:44:00'),(97,'Turkey','2006-02-15 04:44:00'),(98,'Turkmenistan','2006-02-15 04:44:00'),(99,'Tuvalu','2006-02-15 04:44:00'),(100,'Ukraine','2006-02-15 04:44:00'),(101,'United Arab Emirates','2006-02-15 04:44:00'),(102,'United Kingdom','2006-02-15 04:44:00'),(103,'United States','2006-02-15 04:44:00'),(104,'Venezuela','2006-02-15 04:44:00'),(105,'Vietnam','2006-02-15 04:44:00'),(106,'Virgin Islands, U.S.','2006-02-15 04:44:00'),(107,'Yemen','2006-02-15 04:44:00'),(108,'Yugoslavia','2006-02-15 04:44:00'),(109,'Zambia','2006-02-15 04:44:00');
/*!40000 ALTER TABLE `country` ENABLE KEYS */;
UNLOCK TABLES;

--
-- Table structure for table `schema_migrations`
--

DROP TABLE IF EXISTS `schema_migrations`;
/*!40101 SET @saved_cs_client     = @@character_set_client */;
/*!50503 SET character_set_client = utf8mb4 */;
CREATE TABLE `schema_migrations` (
  `version` bigint NOT NULL,
  `dirty` tinyint(1) NOT NULL,
  PRIMARY KEY (`version`)
) ENGINE=InnoDB DEFAULT CHARSET=utf8mb4 COLLATE=utf8mb4_0900_ai_ci;
/*!40101 SET character_set_client = @saved_cs_client */;

--
-- Dumping data for table `schema_migrations`
--

LOCK TABLES `schema_migrations` WRITE;
/*!40000 ALTER TABLE `schema_migrations` DISABLE KEYS */;
INSERT INTO `schema_migrations` VALUES (1,0);
/*!40000 ALTER TABLE `schema_migrations` ENABLE KEYS */;
UNLOCK TABLES;
/*!40103 SET TIME_ZONE=@OLD_TIME_ZONE */;

/*!40101 SET SQL_MODE=@OLD_SQL_MODE */;
/*!40014 SET FOREIGN_KEY_CHECKS=@OLD_FOREIGN_KEY_CHECKS */;
/*!40014 SET UNIQUE_CHECKS=@OLD_UNIQUE_CHECKS */;
/*!40101 SET CHARACTER_SET_CLIENT=@OLD_CHARACTER_SET_CLIENT */;
/*!40101 SET CHARACTER_SET_RESULTS=@OLD_CHARACTER_SET_RESULTS */;
/*!40101 SET COLLATION_CONNECTION=@OLD_COLLATION_CONNECTION */;
/*!40111 SET SQL_NOTES=@OLD_SQL_NOTES */;

-- Dump completed on 2025-10-06 10:59:15
